1,1,1,AM
2,2,7,Acura
3,8,11,Astom Martin
4,12,25,Audi
5,26,38,BMW
6,39,44,Bentley
7,45,46,Bugatti
8,47,50,Buick
9,51,53,Cadillac
10,54,75,Chevrolet
11,76,81,Chrysler
12,82,82,Daewo
13,83,97,Dodge
14,98,98,Eagle
15,99,100,FIAT
16,101,104,Ferrari
17,105,105,FisKer
18,106,117,Ford
19,118,122,GMC
20,123,123,Geo
21,124,125,HUMMER
22,126,129,Honda
23,130,140,Hyundai
24,141,142,Infiniti
25,143,143,Isuzu
26,144,144,Jaguar
27,145,149,Jeep
28,150,153,Lamborghini
29,154,155,Land Rover
30,156,156,Lincoln Town
31,157,157,MINI
32,158,158,Maybach 
33,159,159,Mazda
34,160,160,McLaren
35,161,166,Mercedes-Benz
36,167,167,Mitsubishi
37,168,171,Nissan
38,172,172,Plymouth
39,173,173,Porsche
40,174,174,Ram
41,175,177,Rolls-Royce
42,178,178,Scion
43,179,180,Spyker
44,181,184,Suzuki
45,185,185,Tesla
46,186,189,Toyota
47,190,192,Volkswagen
48,193,195,Volvo
49,196,196,smart
